<?xml version="1.0"?>
<!--
Copyright (C) Connectivity Standards Alliance (2021). All rights reserved.
The information within this document is the property of the Connectivity
Standards Alliance and its use and disclosure are restricted, except as
expressly set forth herein.

Connectivity Standards Alliance hereby grants you a fully-paid, non-exclusive,
nontransferable, worldwide, limited and revocable license (without the right to
sublicense), under Connectivity Standards Alliance's applicable copyright
rights, to view, download, save, reproduce and use the document solely for your
own internal purposes and in accordance with the terms of the license set forth
herein. This license does not authorize you to, and you expressly warrant that
you shall not: (a) permit others (outside your organization) to use this
document; (b) post or publish this document; (c) modify, adapt, translate, or
otherwise change this document in any manner or create any derivative work
based on this document; (d) remove or modify any notice or label on this
document, including this Copyright Notice, License and Disclaimer. The
Connectivity Standards Alliance does not grant you any license hereunder other
than as expressly stated herein.

Elements of this document may be subject to third party intellectual property
rights, including without limitation, patent, copyright or trademark rights,
and any such third party may or may not be a member of the Connectivity
Standards Alliance. Connectivity Standards Alliance members grant other
Connectivity Standards Alliance members certain intellectual property rights as
set forth in the Connectivity Standards Alliance IPR Policy. Connectivity
Standards Alliance members do not grant you any rights under this license. The
Connectivity Standards Alliance is not responsible for, and shall not be held
responsible in any manner for, identifying or failing to identify any or all
such third party intellectual property rights. Please visit www.csa-iot.org for
more information on how to become a member of the Connectivity Standards
Alliance.

This document and the information contained herein are provided on an “AS IS”
basis and the Connectivity Standards Alliance DISCLAIMS ALL WARRANTIES EXPRESS
OR IMPLIED, INCLUDING BUT NOT LIMITED TO (A) ANY WARRANTY THAT THE USE OF THE
INFORMATION HEREIN WILL NOT INFRINGE ANY RIGHTS OF THIRD PARTIES (INCLUDING
WITHOUT LIMITATION ANY INTELLECTUAL PROPERTY RIGHTS INCLUDING PATENT, COPYRIGHT
OR TRADEMARK RIGHTS); OR (B) ANY IMPLIED WARRANTIES OF MERCHANTABILITY, FITNESS
FOR A PARTICULAR PURPOSE, TITLE OR NONINFRINGEMENT. IN NO EVENT WILL THE
CONNECTIVITY STANDARDS ALLIANCE BE LIABLE FOR ANY LOSS OF PROFITS, LOSS OF
BUSINESS, LOSS OF USE OF DATA, INTERRUPTION OF BUSINESS, OR FOR ANY OTHER
DIRECT, INDIRECT, SPECIAL OR EXEMPLARY, INCIDENTAL, PUNITIVE OR CONSEQUENTIAL
DAMAGES OF ANY KIND, IN CONTRACT OR IN TORT, IN CONNECTION WITH THIS DOCUMENT
OR THE INFORMATION CONTAINED HEREIN, EVEN IF ADVISED OF THE POSSIBILITY OF SUCH
LOSS OR DAMAGE.

All company, brand and product names in this document may be trademarks that
are the sole property of their respective owners.

This notice and disclaimer must be included on all copies of this document.

Connectivity Standards Alliance
508 Second Street, Suite 206
Davis, CA 95616, USA

:xrefstyle: basic
-->
<cluster xmlns:xsi="http://www.w3.org/2001/XMLSchema-instance" xsi:schemaLocation="types types.xsd cluster cluster.xsd" id="0x0300" name="Color Control" revision="6">
  <revisionHistory>
    <revision revision="1" summary="mandatory global ClusterRevision attribute added; CCB 2028"/>
    <revision revision="2" summary="added Options attribute, CCB 2085 2104 2124 2230; ZLO 1.0"/>
    <revision revision="3" summary="CCB 2501 2814 2839 2840 2843 2861"/>
    <revision revision="4" summary="All Hubs changes"/>
    <revision revision="5" summary="new data model format and notation, FeatureMap support"/>
    <revision revision="6" summary="Added clarifications to Scenes support for Matter"/>
  </revisionHistory>
  <clusterIds>
    <clusterId id="0x0300" name="Color Control"/>
  </clusterIds>
  <classification hierarchy="base" role="application" picsCode="CC" primaryTransaction="1"/>
  <features>
    <feature bit="0" code="HS" name="Hue/Saturation" summary="Supports color specification via hue/saturation.">
      <optionalConform/>
    </feature>
    <feature bit="1" code="EHUE" name="Enhanced Hue" summary="Enhanced hue is supported.">
      <optionalConform/>
    </feature>
    <feature bit="2" code="CL" name="Color loop" summary="Color loop is supported.">
      <optionalConform/>
    </feature>
    <feature bit="3" code="XY" name="XY" summary="Supports color specification via XY.">
      <optionalConform/>
    </feature>
    <feature bit="4" code="CT" name="Color temperature" summary="Supports specification of color temperature.">
      <optionalConform/>
    </feature>
  </features>
  <dataTypes/>
  <attributes>
    <attribute id="0x0000" name="CurrentHue" type="uint8" default="0">
      <access read="true" readPrivilege="view"/>
      <quality changeOmitted="false" nullable="false" scene="false" persistence="nonVolatile" reportable="true"/>
      <mandatoryConform>
        <feature name="HS"/>
      </mandatoryConform>
      <constraint type="between" from="0" to="254"/>
    </attribute>
    <attribute id="0x0001" name="CurrentSaturation" type="uint8" default="0">
      <access read="true" readPrivilege="view"/>
      <quality changeOmitted="false" nullable="false" scene="true" persistence="nonVolatile" reportable="true"/>
      <mandatoryConform>
        <feature name="HS"/>
      </mandatoryConform>
      <constraint type="between" from="0" to="254"/>
    </attribute>
    <attribute id="0x0002" name="RemainingTime" type="uint16" default="0">
      <access read="true" readPrivilege="view"/>
      <optionalConform/>
      <constraint type="between" from="0" to="65534"/>
    </attribute>
    <attribute id="0x0003" name="CurrentX" type="uint16" default="0x616B (0.381)">
      <access read="true" readPrivilege="view"/>
      <quality changeOmitted="false" nullable="false" scene="true" persistence="nonVolatile" reportable="true"/>
      <mandatoryConform>
        <feature name="XY"/>
      </mandatoryConform>
      <constraint type="between" from="0" to="0xFEFF"/>
    </attribute>
    <attribute id="0x0004" name="CurrentY" type="uint16" default="0x607D (0.377)">
      <access read="true" readPrivilege="view"/>
      <quality changeOmitted="false" nullable="false" scene="true" persistence="nonVolatile" reportable="true"/>
      <mandatoryConform>
        <feature name="XY"/>
      </mandatoryConform>
      <constraint type="between" from="0" to="0xFEFF"/>
    </attribute>
    <attribute id="0x0005" name="DriftCompensation" type="enum8" default="-">
      <enum>
        <item value="0" name="Item0" summary="None">
          <mandatoryConform/>
        </item>
        <item value="1" name="Item1" summary="Other / Unknown">
          <mandatoryConform/>
        </item>
        <item value="2" name="Item2" summary="Temperature monitoring">
          <mandatoryConform/>
        </item>
        <item value="3" name="Item3" summary="Optical luminance monitoring and feedback">
          <mandatoryConform/>
        </item>
        <item value="4" name="Item4" summary="Optical color monitoring and feedback">
          <mandatoryConform/>
        </item>
      </enum>
      <access read="true" readPrivilege="view"/>
      <optionalConform/>
      <constraint type="between" from="0" to="4"/>
    </attribute>
    <attribute id="0x0006" name="CompensationText" type="string" default="-">
      <access read="true" readPrivilege="view"/>
      <optionalConform/>
      <constraint type="maxLength" value="254"/>
    </attribute>
    <attribute id="0x0007" name="ColorTemperatureMireds" type="uint16" default="0x00FA (4000K)">
      <access read="true" readPrivilege="view"/>
      <quality changeOmitted="false" nullable="false" scene="true" persistence="nonVolatile" reportable="true"/>
      <mandatoryConform>
        <feature name="CT"/>
      </mandatoryConform>
      <constraint type="between" from="0" to="0xFEFF"/>
    </attribute>
    <attribute id="0x0008" name="ColorMode" type="enum8" default="1">
      <enum>
        <item value="0" name="Item0">
          <mandatoryConform/>
        </item>
        <item value="1" name="Item1">
          <mandatoryConform/>
        </item>
        <item value="2" name="Item2">
          <mandatoryConform/>
        </item>
      </enum>
      <access read="true" readPrivilege="view"/>
      <quality changeOmitted="false" nullable="false" scene="false" persistence="nonVolatile" reportable="false"/>
      <mandatoryConform/>
      <constraint type="between" from="0" to="2"/>
    </attribute>
    <attribute id="0x000F" name="Options" type="map8" default="0">
      <bitmap>
        <bitfield name="ExecuteIfOff" bit="0" summary="0 – Do not execute command if the On/Off cluster, OnOff attribute is FALSE. +
                     1 – Execute command if the On/Off cluster, OnOff attribute is FALSE.">
          <mandatoryConform/>
        </bitfield>
      </bitmap>
      <access read="true" write="true" readPrivilege="view" writePrivilege="operate"/>
      <mandatoryConform/>
      <constraint type="desc"/>
    </attribute>
    <attribute id="0x0010" name="NumberOfPrimaries" type="uint8" default="-">
      <access read="true" readPrivilege="view"/>
      <quality changeOmitted="false" nullable="true" scene="false" persistence="fixed" reportable="false"/>
      <mandatoryConform/>
      <constraint type="between" from="0" to="6"/>
    </attribute>
    <attribute id="0x0011" name="Primary1X" type="uint16" default="-">
      <access read="true" readPrivilege="view"/>
      <quality changeOmitted="false" nullable="false" scene="false" persistence="fixed" reportable="false"/>
      <mandatoryConform/>
      <constraint type="between" from="0" to="0xFEFF"/>
    </attribute>
    <attribute id="0x0012" name="Primary1Y" type="uint16" default="-">
      <access read="true" readPrivilege="view"/>
      <quality changeOmitted="false" nullable="false" scene="false" persistence="fixed" reportable="false"/>
      <mandatoryConform/>
      <constraint type="between" from="0" to="0xFEFF"/>
    </attribute>
    <attribute id="0x0013" name="Primary1Intensity" type="uint8" default="-">
      <access read="true" readPrivilege="view"/>
      <quality changeOmitted="false" nullable="true" scene="false" persistence="fixed" reportable="false"/>
      <mandatoryConform/>
    </attribute>
    <attribute id="0x0015" name="Primary2X" type="uint16" default="-">
      <access read="true" readPrivilege="view"/>
      <quality changeOmitted="false" nullable="false" scene="false" persistence="fixed" reportable="false"/>
      <mandatoryConform/>
      <constraint type="between" from="0" to="0xFEFF"/>
    </attribute>
    <attribute id="0x0016" name="Primary2Y" type="uint16" default="-">
      <access read="true" readPrivilege="view"/>
      <quality changeOmitted="false" nullable="false" scene="false" persistence="fixed" reportable="false"/>
      <mandatoryConform/>
      <constraint type="between" from="0" to="0xFEFF"/>
    </attribute>
    <attribute id="0x0017" name="Primary2Intensity" type="uint8" default="-">
      <access read="true" readPrivilege="view"/>
      <quality changeOmitted="false" nullable="true" scene="false" persistence="fixed" reportable="false"/>
      <mandatoryConform/>
    </attribute>
    <attribute id="0x0019" name="Primary3X" type="uint16" default="-">
      <access read="true" readPrivilege="view"/>
      <quality changeOmitted="false" nullable="false" scene="false" persistence="fixed" reportable="false"/>
      <mandatoryConform/>
      <constraint type="between" from="0" to="0xFEFF"/>
    </attribute>
    <attribute id="0x001A" name="Primary3Y" type="uint16" default="-">
      <access read="true" readPrivilege="view"/>
      <quality changeOmitted="false" nullable="false" scene="false" persistence="fixed" reportable="false"/>
      <mandatoryConform/>
      <constraint type="between" from="0" to="0xFEFF"/>
    </attribute>
    <attribute id="0x001B" name="Primary3Intensity" type="uint8" default="-">
      <access read="true" readPrivilege="view"/>
      <quality changeOmitted="false" nullable="true" scene="false" persistence="fixed" reportable="false"/>
      <mandatoryConform/>
    </attribute>
    <attribute id="0x0020" name="Primary4X" type="uint16" default="-">
      <access read="true" readPrivilege="view"/>
      <quality changeOmitted="false" nullable="false" scene="false" persistence="fixed" reportable="false"/>
      <mandatoryConform/>
      <constraint type="between" from="0" to="0xFEFF"/>
    </attribute>
    <attribute id="0x0021" name="Primary4Y" type="uint16" default="-">
      <access read="true" readPrivilege="view"/>
      <quality changeOmitted="false" nullable="false" scene="false" persistence="fixed" reportable="false"/>
      <mandatoryConform/>
      <constraint type="between" from="0" to="0xFEFF"/>
    </attribute>
    <attribute id="0x0022" name="Primary4Intensity" type="uint8" default="-">
      <access read="true" readPrivilege="view"/>
      <quality changeOmitted="false" nullable="true" scene="false" persistence="fixed" reportable="false"/>
      <mandatoryConform/>
    </attribute>
    <attribute id="0x0024" name="Primary5X" type="uint16" default="-">
      <access read="true" readPrivilege="view"/>
      <quality changeOmitted="false" nullable="false" scene="false" persistence="fixed" reportable="false"/>
      <mandatoryConform/>
      <constraint type="between" from="0" to="0xFEFF"/>
    </attribute>
    <attribute id="0x0025" name="Primary5Y" type="uint16" default="-">
      <access read="true" readPrivilege="view"/>
      <quality changeOmitted="false" nullable="false" scene="false" persistence="fixed" reportable="false"/>
      <mandatoryConform/>
      <constraint type="between" from="0" to="0xFEFF"/>
    </attribute>
    <attribute id="0x0026" name="Primary5Intensity" type="uint8" default="-">
      <access read="true" readPrivilege="view"/>
      <quality changeOmitted="false" nullable="true" scene="false" persistence="fixed" reportable="false"/>
      <mandatoryConform/>
    </attribute>
    <attribute id="0x0028" name="Primary6X" type="uint16" default="-">
      <access read="true" readPrivilege="view"/>
      <quality changeOmitted="false" nullable="false" scene="false" persistence="fixed" reportable="false"/>
      <mandatoryConform/>
      <constraint type="between" from="0" to="0xFEFF"/>
    </attribute>
    <attribute id="0x0029" name="Primary6Y" type="uint16" default="-">
      <access read="true" readPrivilege="view"/>
      <quality changeOmitted="false" nullable="false" scene="false" persistence="fixed" reportable="false"/>
      <mandatoryConform/>
      <constraint type="between" from="0" to="0xFEFF"/>
    </attribute>
    <attribute id="0x002A" name="Primary6Intensity" type="uint8" default="-">
      <access read="true" readPrivilege="view"/>
      <quality changeOmitted="false" nullable="true" scene="false" persistence="fixed" reportable="false"/>
      <mandatoryConform/>
    </attribute>
    <attribute id="0x0030" name="WhitePointX" type="uint16" default="-">
      <access read="true" write="true" readPrivilege="view" writePrivilege="manage"/>
      <optionalConform/>
      <constraint type="between" from="0" to="0xFEFF"/>
    </attribute>
    <attribute id="0x0031" name="WhitePointY" type="uint16" default="-">
      <access read="true" write="true" readPrivilege="view" writePrivilege="manage"/>
      <optionalConform/>
      <constraint type="between" from="0" to="0xFEFF"/>
    </attribute>
    <attribute id="0x0032" name="ColorPointRX" type="uint16" default="-">
      <access read="true" write="true" readPrivilege="view" writePrivilege="manage"/>
      <optionalConform/>
      <constraint type="between" from="0" to="0xFEFF"/>
    </attribute>
    <attribute id="0x0033" name="ColorPointRY" type="uint16" default="-">
      <access read="true" write="true" readPrivilege="view" writePrivilege="manage"/>
      <optionalConform/>
      <constraint type="between" from="0" to="0xFEFF"/>
    </attribute>
    <attribute id="0x0034" name="ColorPointRIntensity" type="uint8" default="-">
      <access read="true" write="true" readPrivilege="view" writePrivilege="manage"/>
      <quality changeOmitted="false" nullable="true" scene="false" persistence="volatile" reportable="false"/>
      <optionalConform/>
    </attribute>
    <attribute id="0x0036" name="ColorPointGX" type="uint16" default="-">
      <access read="true" write="true" readPrivilege="view" writePrivilege="manage"/>
      <optionalConform/>
      <constraint type="between" from="0" to="0xFEFF"/>
    </attribute>
    <attribute id="0x0037" name="ColorPointGY" type="uint16" default="-">
      <access read="true" write="true" readPrivilege="view" writePrivilege="manage"/>
      <optionalConform/>
      <constraint type="between" from="0" to="0xFEFF"/>
    </attribute>
    <attribute id="0x0038" name="ColorPointGIntensity" type="uint8" default="-">
      <access read="true" write="true" readPrivilege="view" writePrivilege="manage"/>
      <quality changeOmitted="false" nullable="true" scene="false" persistence="volatile" reportable="false"/>
      <optionalConform/>
    </attribute>
    <attribute id="0x003A" name="ColorPointBX" type="uint16" default="-">
      <access read="true" write="true" readPrivilege="view" writePrivilege="manage"/>
      <optionalConform/>
      <constraint type="between" from="0" to="0xFEFF"/>
    </attribute>
    <attribute id="0x003B" name="ColorPointBY" type="uint16" default="-">
      <access read="true" write="true" readPrivilege="view" writePrivilege="manage"/>
      <optionalConform/>
      <constraint type="between" from="0" to="0xFEFF"/>
    </attribute>
    <attribute id="0x003C" name="ColorPointBIntensity" type="uint8" default="-">
      <access read="true" write="true" readPrivilege="view" writePrivilege="manage"/>
      <quality changeOmitted="false" nullable="true" scene="false" persistence="volatile" reportable="false"/>
      <optionalConform/>
    </attribute>
    <attribute id="0x4000" name="EnhancedCurrentHue" type="uint16" default="0">
      <access read="true" readPrivilege="view"/>
      <quality changeOmitted="false" nullable="false" scene="true" persistence="nonVolatile" reportable="false"/>
      <mandatoryConform>
        <feature name="EHUE"/>
      </mandatoryConform>
    </attribute>
    <attribute id="0x4001" name="EnhancedColorMode" type="enum8" default="1">
      <enum>
        <item value="0" name="Item0">
          <mandatoryConform/>
        </item>
        <item value="1" name="Item1">
          <mandatoryConform/>
        </item>
        <item value="2" name="Item2">
          <mandatoryConform/>
        </item>
        <item value="3" name="Item3">
          <mandatoryConform/>
        </item>
      </enum>
      <access read="true" readPrivilege="view"/>
      <quality changeOmitted="false" nullable="false" scene="true" persistence="nonVolatile" reportable="false"/>
      <mandatoryConform/>
      <constraint type="between" from="0" to="3"/>
    </attribute>
    <attribute id="0x4002" name="ColorLoopActive" type="uint8" default="0">
      <access read="true" readPrivilege="view"/>
      <quality changeOmitted="false" nullable="false" scene="true" persistence="nonVolatile" reportable="false"/>
      <mandatoryConform>
        <feature name="CL"/>
      </mandatoryConform>
    </attribute>
    <attribute id="0x4003" name="ColorLoopDirection" type="uint8" default="0">
      <access read="true" readPrivilege="view"/>
      <quality changeOmitted="false" nullable="false" scene="true" persistence="nonVolatile" reportable="false"/>
      <mandatoryConform>
        <feature name="CL"/>
      </mandatoryConform>
    </attribute>
    <attribute id="0x4004" name="ColorLoopTime" type="uint16" default="0x0019">
      <access read="true" readPrivilege="view"/>
      <quality changeOmitted="false" nullable="false" scene="true" persistence="nonVolatile" reportable="false"/>
      <mandatoryConform>
        <feature name="CL"/>
      </mandatoryConform>
    </attribute>
    <attribute id="0x4005" name="ColorLoopStartEnhancedHue" type="uint16" default="0x2300">
      <access read="true" readPrivilege="view"/>
      <mandatoryConform>
        <feature name="CL"/>
      </mandatoryConform>
    </attribute>
    <attribute id="0x4006" name="ColorLoopStoredEnhancedHue" type="uint16" default="0">
      <access read="true" readPrivilege="view"/>
      <mandatoryConform>
        <feature name="CL"/>
      </mandatoryConform>
    </attribute>
    <attribute id="0x400A" name="ColorCapabilities" type="map16" default="0">
      <access read="true" readPrivilege="view"/>
      <mandatoryConform/>
      <constraint type="between" from="0" to="0x001F"/>
    </attribute>
    <attribute id="0x400B" name="ColorTempPhysicalMinMireds" type="uint16" default="0">
      <access read="true" readPrivilege="view"/>
      <mandatoryConform>
        <feature name="CT"/>
      </mandatoryConform>
      <constraint type="between" from="0" to="0xFEFF"/>
    </attribute>
    <attribute id="0x400C" name="ColorTempPhysicalMaxMireds" type="uint16" default="0xFEFF">
      <access read="true" readPrivilege="view"/>
      <mandatoryConform>
        <feature name="CT"/>
      </mandatoryConform>
      <constraint type="between" from="0" to="0xFEFF"/>
    </attribute>
    <attribute id="0x400D" name="CoupleColorTempToLevelMinMireds" type="uint16" default="MS">
      <access read="true" readPrivilege="view"/>
      <mandatoryConform>
        <orTerm>
          <feature name="CT"/>
          <attribute name="ColorTemperatureMireds"/>
        </orTerm>
      </mandatoryConform>
      <constraint type="between" from="" to="ColorTemperatureMireds"/>
    </attribute>
    <attribute id="0x4010" name="StartUpColorTemperatureMireds" type="uint16" default="MS">
      <access read="true" write="true" readPrivilege="view" writePrivilege="manage"/>
      <quality changeOmitted="false" nullable="true" scene="false" persistence="nonVolatile" reportable="false"/>
      <mandatoryConform>
        <orTerm>
          <feature name="CT"/>
          <attribute name="ColorTemperatureMireds"/>
        </orTerm>
      </mandatoryConform>
      <constraint type="between" from="0" to="0xFEFF"/>
    </attribute>
  </attributes>
  <commands>
    <command id="0x00" name="MoveToHue" direction="commandToServer" response="Y">
      <access invokePrivilege="operate"/>
      <mandatoryConform>
        <feature name="HS"/>
      </mandatoryConform>
      <field id="0" name="Hue" type="uint8">
        <mandatoryConform/>
        <constraint type="between" from="0" to="254"/>
      </field>
      <field id="1" name="Direction" type="enum8">
        <enum>
          <item value="0" name="Item0" summary="Shortest distance">
            <mandatoryConform/>
          </item>
          <item value="1" name="Item1" summary="Longest distance">
            <mandatoryConform/>
          </item>
          <item value="2" name="Item2" summary="Up">
            <mandatoryConform/>
          </item>
          <item value="3" name="Item3" summary="Down">
            <mandatoryConform/>
          </item>
        </enum>
        <mandatoryConform/>
        <constraint type="desc"/>
      </field>
      <field id="2" name="TransitionTime" type="uint16">
        <mandatoryConform/>
        <constraint type="between" from="0" to="65534"/>
      </field>
      <field id="3" name="OptionsMask" type="map8" default="0">
        <mandatoryConform/>
        <constraint type="desc"/>
      </field>
      <field id="4" name="OptionsOverride" type="map8" default="0">
        <mandatoryConform/>
        <constraint type="desc"/>
      </field>
    </command>
    <command id="0x01" name="MoveHue" direction="commandToServer" response="Y">
      <access invokePrivilege="operate"/>
      <mandatoryConform>
        <feature name="HS"/>
      </mandatoryConform>
      <field id="0" name="MoveMode" type="enum8">
        <enum>
          <item value="0" name="Item0" summary="Stop">
            <mandatoryConform/>
          </item>
          <item value="1" name="Item1" summary="Up">
            <mandatoryConform/>
          </item>
          <item value="2" name="Item2" summary="Reserved">
            <mandatoryConform/>
          </item>
          <item value="3" name="Item3" summary="Down">
            <mandatoryConform/>
          </item>
        </enum>
        <mandatoryConform/>
        <constraint type="desc"/>
      </field>
      <field id="1" name="Rate" type="uint8">
        <mandatoryConform/>
      </field>
      <field id="2" name="OptionsMask" type="map8" default="0">
        <mandatoryConform/>
        <constraint type="desc"/>
      </field>
      <field id="3" name="OptionsOverride" type="map8" default="0">
        <mandatoryConform/>
        <constraint type="desc"/>
      </field>
    </command>
    <command id="0x02" name="StepHue" direction="commandToServer" response="Y">
      <access invokePrivilege="operate"/>
      <mandatoryConform>
        <feature name="HS"/>
      </mandatoryConform>
      <field id="0" name="StepMode" type="enum8">
        <enum>
          <item value="0" name="Item0" summary="Reserved">
            <mandatoryConform/>
          </item>
          <item value="1" name="Item1" summary="Up">
            <mandatoryConform/>
          </item>
          <item value="2" name="Item2" summary="Reserved">
            <mandatoryConform/>
          </item>
          <item value="3" name="Item3" summary="Down">
            <mandatoryConform/>
          </item>
        </enum>
        <mandatoryConform/>
        <constraint type="desc"/>
      </field>
      <field id="1" name="StepSize" type="uint8">
        <mandatoryConform/>
      </field>
      <field id="2" name="TransitionTime" type="uint8">
        <mandatoryConform/>
      </field>
      <field id="3" name="OptionsMask" type="map8" default="0">
        <mandatoryConform/>
        <constraint type="desc"/>
      </field>
      <field id="4" name="OptionsOverride" type="map8" default="0">
        <mandatoryConform/>
        <constraint type="desc"/>
      </field>
    </command>
    <command id="0x03" name="MoveToSaturation" direction="commandToServer" response="Y">
      <access invokePrivilege="operate"/>
      <mandatoryConform>
        <feature name="HS"/>
      </mandatoryConform>
      <field id="0" name="Saturation" type="uint8">
        <mandatoryConform/>
        <constraint type="between" from="0" to="254"/>
      </field>
      <field id="1" name="TransitionTime" type="uint16">
        <mandatoryConform/>
        <constraint type="between" from="0" to="65534"/>
      </field>
      <field id="2" name="OptionsMask" type="map8" default="0">
        <mandatoryConform/>
        <constraint type="desc"/>
      </field>
      <field id="3" name="OptionsOverride" type="map8" default="0">
        <mandatoryConform/>
        <constraint type="desc"/>
      </field>
    </command>
    <command id="0x04" name="MoveSaturation" direction="commandToServer" response="Y">
      <access invokePrivilege="operate"/>
      <mandatoryConform>
        <feature name="HS"/>
      </mandatoryConform>
      <field id="0" name="MoveMode" type="enum8">
        <enum>
          <item value="0" name="Item0" summary="Stop">
            <mandatoryConform/>
          </item>
          <item value="1" name="Item1" summary="Up">
            <mandatoryConform/>
          </item>
          <item value="2" name="Item2" summary="Reserved">
            <mandatoryConform/>
          </item>
          <item value="3" name="Item3" summary="Down">
            <mandatoryConform/>
          </item>
        </enum>
        <mandatoryConform/>
        <constraint type="desc"/>
      </field>
      <field id="1" name="Rate" type="uint8">
        <mandatoryConform/>
      </field>
      <field id="2" name="OptionsMask" type="map8" default="0">
        <mandatoryConform/>
        <constraint type="desc"/>
      </field>
      <field id="3" name="OptionsOverride" type="map8" default="0">
        <mandatoryConform/>
        <constraint type="desc"/>
      </field>
    </command>
    <command id="0x05" name="StepSaturation" direction="commandToServer" response="Y">
      <access invokePrivilege="operate"/>
      <mandatoryConform>
        <feature name="HS"/>
      </mandatoryConform>
      <field id="0" name="StepMode" type="enum8">
        <enum>
          <item value="0" name="Item0" summary="Reserved">
            <mandatoryConform/>
          </item>
          <item value="1" name="Item1" summary="Up">
            <mandatoryConform/>
          </item>
          <item value="2" name="Item2" summary="Reserved">
            <mandatoryConform/>
          </item>
          <item value="3" name="Item3" summary="Down">
            <mandatoryConform/>
          </item>
        </enum>
        <mandatoryConform/>
        <constraint type="desc"/>
      </field>
      <field id="1" name="StepSize" type="uint8">
        <mandatoryConform/>
      </field>
      <field id="2" name="TransitionTime" type="uint8">
        <mandatoryConform/>
      </field>
      <field id="3" name="OptionsMask" type="map8" default="0">
        <mandatoryConform/>
        <constraint type="desc"/>
      </field>
      <field id="4" name="OptionsOverride" type="map8" default="0">
        <mandatoryConform/>
        <constraint type="desc"/>
      </field>
    </command>
    <command id="0x06" name="MoveToHueAndSaturation" direction="commandToServer" response="Y">
      <access invokePrivilege="operate"/>
      <mandatoryConform>
        <feature name="HS"/>
      </mandatoryConform>
      <field id="0" name="Hue" type="uint8">
        <mandatoryConform/>
        <constraint type="between" from="0" to="254"/>
      </field>
      <field id="1" name="Saturation" type="uint8">
        <mandatoryConform/>
        <constraint type="between" from="0" to="254"/>
      </field>
      <field id="2" name="TransitionTime" type="uint16">
        <mandatoryConform/>
        <constraint type="between" from="0" to="65534"/>
      </field>
      <field id="3" name="OptionsMask" type="map8" default="0">
        <mandatoryConform/>
        <constraint type="desc"/>
      </field>
      <field id="4" name="OptionsOverride" type="map8" default="0">
        <mandatoryConform/>
        <constraint type="desc"/>
      </field>
    </command>
    <command id="0x07" name="MoveToColor" direction="commandToServer" response="Y">
      <access invokePrivilege="operate"/>
      <mandatoryConform>
        <feature name="XY"/>
      </mandatoryConform>
      <field id="0" name="ColorX" type="uint16">
        <mandatoryConform/>
        <constraint type="between" from="0" to="0xFEFF"/>
      </field>
      <field id="1" name="ColorY" type="uint16">
        <mandatoryConform/>
        <constraint type="between" from="0" to="0xFEFF"/>
      </field>
      <field id="2" name="TransitionTime" type="uint16">
        <mandatoryConform/>
        <constraint type="between" from="0" to="65534"/>
      </field>
      <field id="3" name="OptionsMask" type="map8" default="0">
        <mandatoryConform/>
        <constraint type="desc"/>
      </field>
      <field id="4" name="OptionsOverride" type="map8" default="0">
        <mandatoryConform/>
        <constraint type="desc"/>
      </field>
    </command>
    <command id="0x08" name="MoveColor" direction="commandToServer" response="Y">
      <access invokePrivilege="operate"/>
      <mandatoryConform>
        <feature name="XY"/>
      </mandatoryConform>
      <field id="0" name="RateX" type="int16">
        <mandatoryConform/>
      </field>
      <field id="1" name="RateY" type="int16">
        <mandatoryConform/>
      </field>
      <field id="2" name="OptionsMask" type="map8" default="0">
        <mandatoryConform/>
        <constraint type="desc"/>
      </field>
      <field id="3" name="OptionsOverride" type="map8" default="0">
        <mandatoryConform/>
        <constraint type="desc"/>
      </field>
    </command>
    <command id="0x09" name="StepColor" direction="commandToServer" response="Y">
      <access invokePrivilege="operate"/>
      <mandatoryConform>
        <feature name="XY"/>
      </mandatoryConform>
      <field id="0" name="StepX" type="int16">
        <mandatoryConform/>
      </field>
      <field id="1" name="StepY" type="int16">
        <mandatoryConform/>
      </field>
      <field id="2" name="TransitionTime" type="uint16">
        <mandatoryConform/>
        <constraint type="between" from="0" to="65534"/>
      </field>
      <field id="3" name="OptionsMask" type="map8" default="0">
        <mandatoryConform/>
        <constraint type="desc"/>
      </field>
      <field id="4" name="OptionsOverride" type="map8" default="0">
        <mandatoryConform/>
        <constraint type="desc"/>
      </field>
    </command>
    <command id="0x0A" name="MoveToColorTemperature" direction="commandToServer" response="Y">
      <access invokePrivilege="operate"/>
      <mandatoryConform>
        <feature name="CT"/>
      </mandatoryConform>
      <field id="0" name="ColorTemperatureMireds" type="uint16">
        <mandatoryConform/>
        <constraint type="between" from="0" to="0xFEFF"/>
      </field>
      <field id="1" name="TransitionTime" type="uint16">
        <mandatoryConform/>
        <constraint type="between" from="0" to="65534"/>
      </field>
      <field id="2" name="OptionsMask" type="map8" default="0">
        <mandatoryConform/>
        <constraint type="desc"/>
      </field>
      <field id="3" name="OptionsOverride" type="map8" default="0">
        <mandatoryConform/>
        <constraint type="desc"/>
      </field>
    </command>
    <command id="0x40" name="EnhancedMoveToHue" direction="commandToServer" response="Y">
      <access invokePrivilege="operate"/>
      <mandatoryConform>
        <feature name="EHUE"/>
      </mandatoryConform>
      <field id="0" name="EnhancedHue" type="uint16">
        <mandatoryConform/>
      </field>
      <field id="1" name="Direction" type="enum8">
        <mandatoryConform/>
        <constraint type="desc"/>
      </field>
      <field id="2" name="TransitionTime" type="uint16">
        <mandatoryConform/>
        <constraint type="between" from="0" to="65534"/>
      </field>
      <field id="3" name="OptionsMask" type="map8" default="0">
        <mandatoryConform/>
        <constraint type="desc"/>
      </field>
      <field id="4" name="OptionsOverride" type="map8" default="0">
        <mandatoryConform/>
        <constraint type="desc"/>
      </field>
    </command>
    <command id="0x41" name="EnhancedMoveHue" direction="commandToServer" response="Y">
      <access invokePrivilege="operate"/>
      <mandatoryConform>
        <feature name="EHUE"/>
      </mandatoryConform>
      <field id="0" name="MoveMode" type="enum8">
        <mandatoryConform/>
        <constraint type="desc"/>
      </field>
      <field id="1" name="Rate" type="uint16">
        <mandatoryConform/>
      </field>
      <field id="2" name="OptionsMask" type="map8" default="0">
        <mandatoryConform/>
        <constraint type="desc"/>
      </field>
      <field id="3" name="OptionsOverride" type="map8" default="0">
        <mandatoryConform/>
        <constraint type="desc"/>
      </field>
    </command>
    <command id="0x42" name="EnhancedStepHue" direction="commandToServer" response="Y">
      <access invokePrivilege="operate"/>
      <mandatoryConform>
        <feature name="EHUE"/>
      </mandatoryConform>
      <field id="0" name="StepMode" type="enum8">
        <mandatoryConform/>
        <constraint type="desc"/>
      </field>
      <field id="1" name="StepSize" type="uint16">
        <mandatoryConform/>
      </field>
      <field id="2" name="TransitionTime" type="uint16">
        <mandatoryConform/>
        <constraint type="between" from="0" to="65534"/>
      </field>
      <field id="3" name="OptionsMask" type="map8" default="0">
        <mandatoryConform/>
        <constraint type="desc"/>
      </field>
      <field id="4" name="OptionsOverride" type="map8" default="0">
        <mandatoryConform/>
        <constraint type="desc"/>
      </field>
    </command>
    <command id="0x43" name="EnhancedMoveToHueAndSaturation" direction="commandToServer" response="Y">
      <access invokePrivilege="operate"/>
      <mandatoryConform>
        <feature name="EHUE"/>
      </mandatoryConform>
      <field id="0" name="EnhancedHue" type="uint16">
        <mandatoryConform/>
      </field>
      <field id="1" name="Saturation" type="uint8">
        <mandatoryConform/>
        <constraint type="between" from="0" to="254"/>
      </field>
      <field id="2" name="TransitionTime" type="uint16">
        <mandatoryConform/>
        <constraint type="between" from="0" to="65534"/>
      </field>
      <field id="3" name="OptionsMask" type="map8" default="0">
        <mandatoryConform/>
        <constraint type="desc"/>
      </field>
      <field id="4" name="OptionsOverride" type="map8" default="0">
        <mandatoryConform/>
        <constraint type="desc"/>
      </field>
    </command>
    <command id="0x44" name="ColorLoopSet" direction="commandToServer" response="Y">
      <access invokePrivilege="operate"/>
      <mandatoryConform>
        <feature name="CL"/>
      </mandatoryConform>
      <field id="0" name="UpdateFlags" type="map8">
        <bitmap>
          <bitfield name="Reserved" bit="4-7">
            <mandatoryConform/>
          </bitfield>
          <bitfield name="UpdateAction" bit="0">
            <mandatoryConform/>
          </bitfield>
          <bitfield name="UpdateDirection" bit="1">
            <mandatoryConform/>
          </bitfield>
          <bitfield name="UpdateTime" bit="2">
            <mandatoryConform/>
          </bitfield>
          <bitfield name="UpdateStartHue" bit="3">
            <mandatoryConform/>
          </bitfield>
        </bitmap>
        <mandatoryConform/>
        <constraint type="desc"/>
      </field>
      <field id="1" name="Action" type="enum8">
        <enum>
          <item value="0" name="Item0" summary="De-activate the color loop.">
            <mandatoryConform/>
          </item>
          <item value="1" name="Item1" summary="Activate the color loop from the value in the ColorLoopStartEnhancedHue field.">
            <mandatoryConform/>
          </item>
          <item value="2" name="Item2" summary="Activate the color loop from the value of the EnhancedCurrentHue attribute.">
            <mandatoryConform/>
          </item>
        </enum>
        <mandatoryConform/>
        <constraint type="desc"/>
      </field>
      <field id="2" name="Direction" type="enum8">
        <enum>
          <item value="0" name="Item0" summary="Decrement the hue in the color loop.">
            <mandatoryConform/>
          </item>
          <item value="1" name="Item1" summary="Increment the hue in the color loop.">
            <mandatoryConform/>
          </item>
        </enum>
        <mandatoryConform/>
        <constraint type="desc"/>
      </field>
      <field id="3" name="Time" type="uint16">
        <mandatoryConform/>
      </field>
      <field id="4" name="StartHue" type="uint16">
        <mandatoryConform/>
      </field>
      <field id="5" name="OptionsMask" type="map8" default="0">
        <mandatoryConform/>
        <constraint type="desc"/>
      </field>
      <field id="6" name="OptionsOverride" type="map8" default="0">
        <mandatoryConform/>
        <constraint type="desc"/>
      </field>
    </command>
    <command id="0x47" name="StopMoveStep" direction="commandToServer" response="Y">
      <access invokePrivilege="operate"/>
      <mandatoryConform>
        <orTerm>
          <feature name="HS"/>
          <feature name="XY"/>
          <feature name="CT"/>
        </orTerm>
      </mandatoryConform>
      <field id="0" name="OptionsMask" type="map8" default="0">
        <mandatoryConform/>
        <constraint type="desc"/>
      </field>
      <field id="1" name="OptionsOverride" type="map8" default="0">
        <mandatoryConform/>
        <constraint type="desc"/>
      </field>
    </command>
    <command id="0x4B" name="MoveColorTemperature" direction="commandToServer" response="Y">
      <access invokePrivilege="operate"/>
      <mandatoryConform>
        <feature name="CT"/>
      </mandatoryConform>
      <field id="0" name="MoveMode" type="map8">
        <mandatoryConform/>
        <constraint type="desc"/>
      </field>
      <field id="1" name="Rate" type="uint16">
        <mandatoryConform/>
      </field>
      <field id="2" name="ColorTemperatureMinimumMireds" type="uint16">
        <mandatoryConform/>
        <constraint type="between" from="0" to="0xFEFF"/>
      </field>
      <field id="3" name="ColorTemperatureMaximumMireds" type="uint16">
        <mandatoryConform/>
        <constraint type="between" from="0" to="0xFEFF"/>
      </field>
      <field id="4" name="OptionsMask" type="map8" default="0">
        <mandatoryConform/>
        <constraint type="desc"/>
      </field>
      <field id="5" name="OptionsOverride" type="map8" default="0">
        <mandatoryConform/>
        <constraint type="desc"/>
      </field>
    </command>
    <command id="0x4C" name="StepColorTemperature" direction="commandToServer" response="Y">
      <access invokePrivilege="operate"/>
      <mandatoryConform>
        <feature name="CT"/>
      </mandatoryConform>
      <field id="0" name="StepMode" type="map8">
        <mandatoryConform/>
        <constraint type="desc"/>
      </field>
      <field id="1" name="StepSize" type="uint16">
        <mandatoryConform/>
      </field>
      <field id="2" name="TransitionTime" type="uint16">
        <mandatoryConform/>
        <constraint type="between" from="0" to="65534"/>
      </field>
      <field id="3" name="ColorTemperatureMinimumMireds" type="uint16">
        <mandatoryConform/>
        <constraint type="between" from="0" to="0xFEFF"/>
      </field>
      <field id="4" name="ColorTemperatureMaximumMireds" type="uint16">
        <mandatoryConform/>
        <constraint type="between" from="0" to="0xFEFF"/>
      </field>
      <field id="5" name="OptionsMask" type="map8" default="0">
        <mandatoryConform/>
        <constraint type="desc"/>
      </field>
      <field id="6" name="OptionsOverride" type="map8" default="0">
        <mandatoryConform/>
        <constraint type="desc"/>
      </field>
    </command>
  </commands>
</cluster>