<?xml version="1.0"?>
<!--
Copyright (C) Connectivity Standards Alliance (2021). All rights reserved.
The information within this document is the property of the Connectivity
Standards Alliance and its use and disclosure are restricted, except as
expressly set forth herein.

Connectivity Standards Alliance hereby grants you a fully-paid, non-exclusive,
nontransferable, worldwide, limited and revocable license (without the right to
sublicense), under Connectivity Standards Alliance's applicable copyright
rights, to view, download, save, reproduce and use the document solely for your
own internal purposes and in accordance with the terms of the license set forth
herein. This license does not authorize you to, and you expressly warrant that
you shall not: (a) permit others (outside your organization) to use this
document; (b) post or publish this document; (c) modify, adapt, translate, or
otherwise change this document in any manner or create any derivative work
based on this document; (d) remove or modify any notice or label on this
document, including this Copyright Notice, License and Disclaimer. The
Connectivity Standards Alliance does not grant you any license hereunder other
than as expressly stated herein.

Elements of this document may be subject to third party intellectual property
rights, including without limitation, patent, copyright or trademark rights,
and any such third party may or may not be a member of the Connectivity
Standards Alliance. Connectivity Standards Alliance members grant other
Connectivity Standards Alliance members certain intellectual property rights as
set forth in the Connectivity Standards Alliance IPR Policy. Connectivity
Standards Alliance members do not grant you any rights under this license. The
Connectivity Standards Alliance is not responsible for, and shall not be held
responsible in any manner for, identifying or failing to identify any or all
such third party intellectual property rights. Please visit www.csa-iot.org for
more information on how to become a member of the Connectivity Standards
Alliance.

This document and the information contained herein are provided on an “AS IS”
basis and the Connectivity Standards Alliance DISCLAIMS ALL WARRANTIES EXPRESS
OR IMPLIED, INCLUDING BUT NOT LIMITED TO (A) ANY WARRANTY THAT THE USE OF THE
INFORMATION HEREIN WILL NOT INFRINGE ANY RIGHTS OF THIRD PARTIES (INCLUDING
WITHOUT LIMITATION ANY INTELLECTUAL PROPERTY RIGHTS INCLUDING PATENT, COPYRIGHT
OR TRADEMARK RIGHTS); OR (B) ANY IMPLIED WARRANTIES OF MERCHANTABILITY, FITNESS
FOR A PARTICULAR PURPOSE, TITLE OR NONINFRINGEMENT. IN NO EVENT WILL THE
CONNECTIVITY STANDARDS ALLIANCE BE LIABLE FOR ANY LOSS OF PROFITS, LOSS OF
BUSINESS, LOSS OF USE OF DATA, INTERRUPTION OF BUSINESS, OR FOR ANY OTHER
DIRECT, INDIRECT, SPECIAL OR EXEMPLARY, INCIDENTAL, PUNITIVE OR CONSEQUENTIAL
DAMAGES OF ANY KIND, IN CONTRACT OR IN TORT, IN CONNECTION WITH THIS DOCUMENT
OR THE INFORMATION CONTAINED HEREIN, EVEN IF ADVISED OF THE POSSIBILITY OF SUCH
LOSS OR DAMAGE.

All company, brand and product names in this document may be trademarks that
are the sole property of their respective owners.

This notice and disclaimer must be included on all copies of this document.

Connectivity Standards Alliance
508 Second Street, Suite 206
Davis, CA 95616, USA

:xrefstyle: basic
-->
<cluster xmlns:xsi="http://www.w3.org/2001/XMLSchema-instance" xsi:schemaLocation="types types.xsd cluster cluster.xsd" id="0x0003" name="Identify" revision="4">
  <revisionHistory>
    <revision revision="1" summary="Global mandatory ClusterRevision attribute added"/>
    <revision revision="2" summary="CCB 2808"/>
    <revision revision="3" summary="All Hubs changes"/>
    <revision revision="4" summary="New data model format and notation; add IdentifyType"/>
  </revisionHistory>
  <clusterIds>
    <clusterId id="0x0003" name="Identify"/>
  </clusterIds>
  <classification hierarchy="base" role="utility" picsCode="I" scope="Endpoint"/>
  <dataTypes>
    <enum name="EffectIdentifierEnum">
      <item value="0x00" name="Blink" summary="e.g., Light is turned on/off once.">
        <mandatoryConform/>
      </item>
      <item value="0x0B" name="ChannelChange" summary="e.g., Colored light turns orange for 8 seconds;
                           non-colored light switches to the maximum brightness for 0.5s and then minimum brightness for 7.5s.">
        <mandatoryConform/>
      </item>
      <item value="0x01" name="Breathe" summary="e.g., Light is turned on/off over 1 second and repeated 15 times.">
        <mandatoryConform/>
      </item>
      <item value="0x02" name="Okay" summary="e.g., Colored light turns green for 1 second; non-colored light flashes twice.">
        <mandatoryConform/>
      </item>
      <item value="0xFE" name="FinishEffect" summary="Complete the current effect sequence before
                           terminating. e.g., if in the middle of a breathe effect (as above),
                           first complete the current 1s breathe effect and then terminate the
                           effect.">
        <mandatoryConform/>
      </item>
      <item value="0xFF" name="StopEffect" summary="Terminate the effect as soon as possible.">
        <mandatoryConform/>
      </item>
    </enum>
    <enum name="EffectVariantEnum">
      <item value="0x00" name="Default" summary="Indicates the default effect is used">
        <mandatoryConform/>
      </item>
    </enum>
    <enum name="IdentifyTypeEnum">
      <item value="0x00" name="None" summary="No presentation.">
        <mandatoryConform/>
      </item>
      <item value="0x01" name="LightOutput" summary="Light output of a lighting product.">
        <mandatoryConform/>
      </item>
      <item value="0x02" name="VisibleIndicator" summary="Typically a small LED.">
        <mandatoryConform/>
      </item>
      <item value="0x03" name="AudibleBeep">
        <mandatoryConform/>
      </item>
      <item value="0x04" name="Display" summary="Presentation will be visible on display screen.">
        <mandatoryConform/>
      </item>
      <item value="0x05" name="Actuator" summary="Presentation will be conveyed by actuator functionality
                             such as through a window blind operation or in-wall relay.">
        <mandatoryConform/>
      </item>
    </enum>
  </dataTypes>
  <attributes>
    <attribute id="0x0000" name="IdentifyTime" type="uint16" default="0">
      <access read="true" write="true" readPrivilege="view" writePrivilege="operate"/>
      <mandatoryConform/>
    </attribute>
    <attribute id="0x0001" name="IdentifyType" type="IdentifyTypeEnum" default="MS">
      <access read="true" readPrivilege="view"/>
      <mandatoryConform/>
      <constraint type="desc"/>
    </attribute>
  </attributes>
  <commands>
    <command id="0x00" name="Identify" direction="commandToServer" response="Y">
      <access invokePrivilege="manage"/>
      <mandatoryConform/>
      <field id="0" name="IdentifyTime" type="uint16">
        <mandatoryConform/>
      </field>
    </command>
    <command id="0x40" name="TriggerEffect" direction="commandToServer" response="Y">
      <access invokePrivilege="manage"/>
      <optionalConform/>
      <field id="0" name="EffectIdentifier" type="EffectIdentifierEnum">
        <mandatoryConform/>
        <constraint type="desc"/>
      </field>
      <field id="1" name="EffectVariant" type="EffectVariantEnum">
        <mandatoryConform/>
        <constraint type="desc"/>
      </field>
    </command>
  </commands>
</cluster>