<?xml version="1.0"?>
<!--
Copyright (C) Connectivity Standards Alliance (2023). All rights reserved.
The information within this document is the property of the Connectivity
Standards Alliance and its use and disclosure are restricted, except as
expressly set forth herein.

Connectivity Standards Alliance hereby grants you a fully-paid, non-exclusive,
nontransferable, worldwide, limited and revocable license (without the right to
sublicense), under Connectivity Standards Alliance's applicable copyright
rights, to view, download, save, reproduce and use the document solely for your
own internal purposes and in accordance with the terms of the license set forth
herein. This license does not authorize you to, and you expressly warrant that
you shall not: (a) permit others (outside your organization) to use this
document; (b) post or publish this document; (c) modify, adapt, translate, or
otherwise change this document in any manner or create any derivative work
based on this document; (d) remove or modify any notice or label on this
document, including this Copyright Notice, License and Disclaimer. The
Connectivity Standards Alliance does not grant you any license hereunder other
than as expressly stated herein.

Elements of this document may be subject to third party intellectual property
rights, including without limitation, patent, copyright or trademark rights,
and any such third party may or may not be a member of the Connectivity
Standards Alliance. Connectivity Standards Alliance members grant other
Connectivity Standards Alliance members certain intellectual property rights as
set forth in the Connectivity Standards Alliance IPR Policy. Connectivity
Standards Alliance members do not grant you any rights under this license. The
Connectivity Standards Alliance is not responsible for, and shall not be held
responsible in any manner for, identifying or failing to identify any or all
such third party intellectual property rights. Please visit www.csa-iot.org for
more information on how to become a member of the Connectivity Standards
Alliance.

This document and the information contained herein are provided on an “AS IS”
basis and the Connectivity Standards Alliance DISCLAIMS ALL WARRANTIES EXPRESS
OR IMPLIED, INCLUDING BUT NOT LIMITED TO (A) ANY WARRANTY THAT THE USE OF THE
INFORMATION HEREIN WILL NOT INFRINGE ANY RIGHTS OF THIRD PARTIES (INCLUDING
WITHOUT LIMITATION ANY INTELLECTUAL PROPERTY RIGHTS INCLUDING PATENT, COPYRIGHT
OR TRADEMARK RIGHTS); OR (B) ANY IMPLIED WARRANTIES OF MERCHANTABILITY, FITNESS
FOR A PARTICULAR PURPOSE, TITLE OR NONINFRINGEMENT. IN NO EVENT WILL THE
CONNECTIVITY STANDARDS ALLIANCE BE LIABLE FOR ANY LOSS OF PROFITS, LOSS OF
BUSINESS, LOSS OF USE OF DATA, INTERRUPTION OF BUSINESS, OR FOR ANY OTHER
DIRECT, INDIRECT, SPECIAL OR EXEMPLARY, INCIDENTAL, PUNITIVE OR CONSEQUENTIAL
DAMAGES OF ANY KIND, IN CONTRACT OR IN TORT, IN CONNECTION WITH THIS DOCUMENT
OR THE INFORMATION CONTAINED HEREIN, EVEN IF ADVISED OF THE POSSIBILITY OF SUCH
LOSS OR DAMAGE.

All company, brand and product names in this document may be trademarks that
are the sole property of their respective owners.

This notice and disclaimer must be included on all copies of this document.

Connectivity Standards Alliance
508 Second Street, Suite 206
Davis, CA 95616, USA

:xrefstyle: basic
-->
<cluster xmlns:xsi="http://www.w3.org/2001/XMLSchema-instance" xsi:schemaLocation="types types.xsd cluster cluster.xsd" id="" name="Resource Monitoring Clusters" revision="1">
  <revisionHistory>
    <revision revision="1" summary="Initial version of the Resource Monitoring cluster"/>
  </revisionHistory>
  <clusterIds>
    <clusterId id="0x0071" name="HEPA Filter Monitoring"/>
    <clusterId id="0x0072" name="Activated Carbon Filter Monitoring"/>
  </clusterIds>
  <classification hierarchy="base" role="application" picsCode="REPM" scope="Endpoint"/>
  <features>
    <feature bit="0" code="CON" name="Condition" summary="Supports monitoring the condition of the resource in percentage">
      <optionalConform/>
    </feature>
    <feature bit="1" code="WRN" name="Warning" summary="Supports warning indication">
      <optionalConform/>
    </feature>
    <feature bit="2" code="REP" name="Replacement Product List" summary="Supports specifying the list of replacement products">
      <optionalConform/>
    </feature>
  </features>
  <dataTypes>
    <enum name="ChangeIndicationEnum">
      <item value="0" name="OK" summary="Resource is in good condition, no intervention required">
        <mandatoryConform/>
      </item>
      <item value="1" name="Warning" summary="Resource will be exhausted soon, intervention will shortly be required">
        <mandatoryConform>
          <feature name="WRN"/>
        </mandatoryConform>
      </item>
      <item value="2" name="Critical" summary="Resource is exhausted, immediate intervention is required">
        <mandatoryConform/>
      </item>
    </enum>
    <enum name="DegradationDirectionEnum">
      <item value="0" name="Up" summary="The degradation of the resource is indicated by an upwards moving/increasing value">
        <mandatoryConform/>
      </item>
      <item value="1" name="Down" summary="The degradation of the resource is indicated by a downwards moving/decreasing value">
        <mandatoryConform/>
      </item>
    </enum>
    <enum name="ProductIdentifierTypeEnum">
      <item value="0" name="UPC" summary="12-digit Universal Product Code">
        <mandatoryConform/>
      </item>
      <item value="1" name="GTIN" summary="8-digit Global Trade Item Number">
        <mandatoryConform/>
      </item>
      <item value="2" name="EAN" summary="13-digit European Article Number">
        <mandatoryConform/>
      </item>
      <item value="3" name="GTIN" summary="14-digit Global Trade Item Number">
        <mandatoryConform/>
      </item>
      <item value="4" name="OEM" summary="Original Equipment Manufacturer part number">
        <mandatoryConform/>
      </item>
    </enum>
    <struct name="ReplacementProductStruct">
      <field id="0" name="ProductIdentifierType" type="ProductIdentifierTypeEnum">
        <mandatoryConform/>
        <constraint type="desc"/>
      </field>
      <field id="1" name="ProductIdentifierValue" type="string">
        <mandatoryConform/>
        <constraint type="maxLength" value="20"/>
      </field>
    </struct>
  </dataTypes>
  <attributes>
    <attribute id="0x0000" name="Condition" type="percent">
      <access read="true" readPrivilege="view"/>
      <mandatoryConform>
        <feature name="CON"/>
      </mandatoryConform>
    </attribute>
    <attribute id="0x0001" name="DegradationDirection" type="DegradationDirectionEnum">
      <access read="true" readPrivilege="view"/>
      <quality changeOmitted="false" nullable="false" scene="false" persistence="fixed" reportable="false"/>
      <mandatoryConform>
        <feature name="CON"/>
      </mandatoryConform>
      <constraint type="desc"/>
    </attribute>
    <attribute id="0x0002" name="ChangeIndication" type="ChangeIndicationEnum" default="0">
      <access read="true" readPrivilege="view"/>
      <mandatoryConform/>
    </attribute>
    <attribute id="0x0003" name="InPlaceIndicator" type="bool">
      <access read="true" readPrivilege="view"/>
      <optionalConform/>
    </attribute>
    <attribute id="0x0004" name="LastChangedTime" type="epoch-s" default="null">
      <access read="true" write="true" readPrivilege="view" writePrivilege="operate"/>
      <quality changeOmitted="false" nullable="true" scene="false" persistence="nonVolatile" reportable="false"/>
      <optionalConform/>
    </attribute>
    <attribute id="0x0005" name="ReplacementProductList" type="list">
      <entry type="ReplacementProductStruct"/>
      <access read="true" readPrivilege="view"/>
      <quality changeOmitted="false" nullable="false" scene="false" persistence="fixed" reportable="false"/>
      <mandatoryConform>
        <feature name="REP"/>
      </mandatoryConform>
      <constraint type="maxCount" value="5"/>
    </attribute>
  </attributes>
  <commands>
    <command id="0x00" name="ResetCondition" direction="commandToServer" response="Y">
      <access invokePrivilege="operate"/>
      <optionalConform/>
    </command>
  </commands>
</cluster>